GradeCode,AssessmentMonth,UnitName,UnitOrder,QuestionNumber,DisplayOrder,OutcomeCode,TaskDescriptionEN,TaskDescriptionFR,AnswerKey,AnswerKeyFR,ActiveFlag
"P","9","Unit 1","1","1","1","N01.01","Start at 1, count forward and stop at 5.","Commencer à compter à partir de 1. Compter en ordre croissant et arrêter à 5","1 2 3 4 5","1 2 3 4 5","1"
"P","9","Unit 1","1","2a","2","N02.01","subitize dice configuration","reconnaitre sans compter la disposition des points sur le dé","5","5","1"
"P","9","Unit 1","1","2b","3","N02.02","subitize fingers on one hand","reconnaitre sans compter les doigts sur la main","2","2","1"
"P","9","Unit 1","1","2c","4","N02.02","subitize five-frame","reconnaitre sans compter sur une grille de cinq","4","4","1"
"P","9","Unit 1","1","3a","5","N03.01","count the dogs","compter les chiens","4","4","1"
"P","9","Unit 1","1","3b","6","N03.02","identify quantity of dogs","identifier la  quantité de chien","4","4","1"
"P","9","Unit 1","1","3c","7","N03.02","match numeral","associer le symbole avec la quantité","4","4","1"
"P","9","Unit 1","1","4a","8","N03.04","show fingers","montrer la quantité avec les doigts","3","3","1"
"P","9","Unit 1","1","4b","9","N03.04","make a set","faire un ensemble d'objets","5","5","1"
"P","9","Unit 1","1","5a","10","N04.01","partition counters","séparer un ensemble en deux parties","1 and 3, 2 and 2, or 3 and 1","1 et 3, 2 et 2 ou 3 et 1","1"
"P","9","Unit 1","1","5b","11","N04.01","name the two parts","nommer les deux parties d'un ensemble","1 and 3, 2 and 2, or 3 and 1","1 et 3, 2 et 2 ou 3 et 1","1"
"P","9","Unit 1","1","6a","12","N05.02","domino with more dots","domino avec plus de points","5","5","1"
"P","9","Unit 1","1","6b","13","N05.02","domino with fewer dots","domino avec moins de points","3","3","1"
"P","11","Unit 3","3","1a","1","N01.01","Start at 1, count forward and stop at 10.","Commencer à compter à partir de 1. Compter en ordre croissant et arrêter à 10","1 2 3 4 5 6 7 8 9 10","1 2 3 4 5 6 7 8 9 10","1"
"P","11","Unit 3","3","1b","2","N01.01","Start counting at 5, count backward and stop at 1.","Commencer à compter à partir de 5, compter en ordre décroissant et arrêter à 1","5 4 3 2 1","5 4 3 2 1","1"
"P","11","Unit 3","3","2a","3","N01.02","number after 4","nombre après 4","5","5","1"
"P","11","Unit 3","3","2b","4","N01.03","number before 3","nombre avant 3","2","2","1"
"P","11","Unit 3","3","3","5","N01.04","Start counting at 2 and say the number names up to 5","commence à compter à partir de 2 et récite les nombres jusqu'à 5","2 3 4 5","2 3 4 5","1"
"P","11","Unit 3","3","4a","6","N02.01","subitize dice configuration","reconnaitre une quantité sans compter sur un dé","4","4","1"
"P","11","Unit 3","3","4b","7","N02.01","subitize fingers on one hand","reconnaitre une quantité sans compter en montrant des doigts","5","5","1"
"P","11","Unit 3","3","4c","8","N02.02","subitize five-frame","reconnaitre une quantité sans compter sur une grille de cinq","3","3","1"
"P","11","Unit 3","3","5a","9","N03.01","count the shirts","compter les chemises","5","5","1"
"P","11","Unit 3","3","5b","10","N03.02","identify quantity of shirts","identifier la  quantité de chemises","5","5","1"
"P","11","Unit 3","3","5c","11","N03.02","match numeral","associer le symbole avec la quantité","5","5","1"
"P","11","Unit 3","3","5d","12","N03.03","show fingers","montrer la quantité avec les doigts","5","5","1"
"P","11","Unit 3","3","6","13","N03.04","draw a set","dessiner l'ensemble","3","3","1"
"P","11","Unit 3","3","7a","14","N04.01","partition counters","séparer un ensemble en deux parties","1 and 4, 2 and 3, 3 and 2, or 4 and 1","1 et 4, 2 et 3, 3 et 2 ou 4 et 1","1"
"P","11","Unit 3","3","7b","15","N04.01","name the two parts","nommer les deux parties d'un ensemble","1 and 4, 2 and 3, 3 and 2, or 4 and 1","1 et 4, 2 et 3, 3 et 2 ou 4 et 1","1"
"P","11","Unit 3","3","8a","16","N05.01","make a set with fewer counters","faire un ensemble  qui a moins d'objets","1, 2,  3 or 4","1, 2, 3 ou 4","1"
"P","11","Unit 3","3","8b","17","N05.01","make a set with as many as","faire un ensemble qui autant d'objets","5","5","1"
"P","11","Unit 3","3","8c","18","N05.01","make a set with more counters","faire un ensemble qui a plus d'objets","more than 5","plus que 5","1"
"P","11","Unit 3","3","8d","19","N05.02","direct comparison of two different sets","comparaison directe entre deux différents ensemble","","ensemble représentant le même nombre","1"
"P","11","Unit 3","3","9a","20","N06.01","identify how many dots in the five-frame","identifier combien de points il y a dans une grille de cinq","4","4","1"
"P","11","Unit 3","3","9b","21","N06.02","order irrelevance","non-pertinence de l’ordre","4 without counting","4 sans recompter","1"
"P","11","Unit 3","3","9c","22","N06.03","number conservation","conservation du nombre","4 without counting","4 sans recompter","1"
"P","1","Unit 5","5","1a","23","N01.01","Start at 1, count forward and stop at 10.","Commencer à compter à partir de 1. Compter en ordre croissant et arrêter à 10","1 2 3 4 5 6 7 8 9 10","1 2 3 4 5 6 7 8 9 10","1"
"P","1","Unit 5","5","1b","24","N01.01","Start at 7, count backward and stop at 1.","Commencer à compter à partir de 7, compter en ordre décroissant et arrêter à 1","7 6 5 4 3 2 1","7 6 5 4 3 2 1","1"
"P","1","Unit 5","5","2a","25","N01.02","Number after 6","Nombre après 6","7","7","1"
"P","1","Unit 5","5","2b","26","N01.03","Number before 5","Nombre avant 5","4","4","1"
"P","1","Unit 5","5","2c","27","N01.03","Number between 5 and 7","Nombre entre 5 et 7","6","6","1"
"P","1","Unit 5","5","3","28","N01.04","Start counting at 3 and say the number names up to 7","Commence à compter à partir de 3 et récite les nombres jusqu'à 7.","3 4 5 6 7","3 4 5 6 7","1"
"P","1","Unit 5","5","4a","29","N02.01","subitize dice configuration","reconnaitre sans compter la disposition des points sur le dé","3","3","1"
"P","1","Unit 5","5","4b","30","N02.02","subitize five-frame","reconnaitre sans compter sur une grille de cinq","5","5","1"
"P","1","Unit 5","5","5a","31","N03.01","count the snowflakes","compter les flocons de neige","6","6","1"
"P","1","Unit 5","5","5b","32","N03.02","identify quantity of snowflakes","identifier la quantité de flocons de neige","6","6","1"
"P","1","Unit 5","5","5c","33","N03.02","match numeral","associer le symbole avec la quantité","6","6","1"
"P","1","Unit 5","5","5d","34","N03.03","show fingers","montrer la quantité avec les doigts","6","6","1"
"P","1","Unit 5","5","6a","35","N03.04","draw a set","dessiner l'ensemble","5","5","1"
"P","1","Unit 5","5","6b","36","N03.05","record numeral","écrire le chiffre correspondant","5","5","1"
"P","1","Unit 5","5","7a","37","N04.01","partition counters","séparer un ensemble en deux parties","1 and 6, 2 and 5, 3 and 4, 4 and 3, 5 and 2, 6 and 1","1 et 6, 2 et 5, 3 et 4, 4 et 3, 5 et 2, 6 et 1","1"
"P","1","Unit 5","5","7b","38","N04.01","name the two parts","nommer les deux parties d'un ensemble","1 and 6, 2 and 5, 3 and 4, 4 and 3, 5 and 2, 6 and 1","1 et 6, 2 et 5, 3 et  4, 4 et 3, 5 et 2, 6 et 1","1"
"P","1","Unit 5","5","8a","39","N05.01","make a set with fewer counters","faire un ensemble  qui a moins d'objets","1 2 3 or 4","1 2 3 ou 4","1"
"P","1","Unit 5","5","8b","40","N05.01","make a set with as many as","faire un ensemble qui autant d'objets","5","5","1"
"P","1","Unit 5","5","8c","41","N05.01","make a set with more counters","faire un ensemble qui a plus d'objets","more than 5","plus que 5","1"
"P","1","Unit 5","5","8d","42","N05.02","direct comparison of two different sets","comparaison directe entre deux différents ensemble","","","1"
"P","1","Unit 5","5","9a","43","N06.01","identify how many dots in the five-frame","identifier combien de points il y a dans une grille de cinq","5","5","1"
"P","1","Unit 5","5","9b","44","N06.02","order irrelevance","non-pertinence de l’ordre","5 without counting","5 sans recompter","1"
"P","1","Unit 5","5","9c","45","N06.03","number conservation","conservation du nombre","5 without counting","5 sans recompter","1"
"P","3","Unit 7","7","1a","46","N01.01","Start at 1, count forward and stop at 10.","Commencer à compter à partir de 1. Compter en ordre croissant et arrêter à 10","1 2 3 4 5 6 7 8 9 10","1 2 3 4 5 6 7 8 9 10","1"
"P","3","Unit 7","7","1b","47","N01.01","Start at 9, count backward and stop at 1.","Commencer à compter à partir de 9, compter en ordre décroissant et arrêter à 1","9 8 7 6 5 4 3 2 1","9 8 7 6 5 4 3 2 1","1"
"P","3","Unit 7","7","2a","48","N01.02","Number after 8","Nombre après 8","9","9","1"
"P","3","Unit 7","7","2b","49","N01.03","Number before 7","Nombre avant 7","6","6","1"
"P","3","Unit 7","7","2c","50","N01.03","Number between 7 and 9","Nombre entre 7 et 9","8","8","1"
"P","3","Unit 7","7","3","51","N01.04","Start counting at 4 and say the number names up to 8","Commence à compter à partir de 4 et récite les nombres jusqu'à 8.","4 5 6 7 8","4 5 6 7 8","1"
"P","3","Unit 7","7","4a","52","N02.01","subitize dice configuration","reconnaitre sans compter la disposition des points sur le dé","3","3","1"
"P","3","Unit 7","7","4b","53","N02.02","subitize five-frame","reconnaitre sans compter sur une grille de cinq","4","4","1"
"P","3","Unit 7","7","5a","54","N03.01","count the hearts","compter les coeurs","8","8","1"
"P","3","Unit 7","7","5b","55","N03.02","identify quantity of hearts","identifier la quantité de coeurs","8","8","1"
"P","3","Unit 7","7","5c","56","N03.02","match numeral","associer le symbole avec la quantité","8","8","1"
"P","3","Unit 7","7","5d","57","N03.03","show fingers","montrer la quantité avec les doigts","8","8","1"
"P","3","Unit 7","7","6a","58","N03.04","draw a set","dessiner l'ensemble","7","7","1"
"P","3","Unit 7","7","6b","59","N03.05","record numeral","écrire le chiffre correspondant","7","7","1"
"P","3","Unit 7","7","7a","60","N04.01","partition counters","séparer un ensemble en deux parties","1 and 8, 2 and 7, 3 and 6, 4 and 5, 5 and 4, 6 and 3, 7 and 2, 1 and 8","1 et 8, 2 et 7, 3 et 6, 4 et 5, 5 et 4, 6 et 3, 7 et 2, 1 et 8","1"
"P","3","Unit 7","7","7b","61","N04.01","name the two parts","nommer les deux parties d'un ensemble","1 and 8, 2 and 7, 3 and 6, 4 and 5, 5 and 4, 6 and 3, 7 and 2, 1 and 8","1 et 8, 2 et 7, 3 et 6, 4 et 5, 5 et 4, 6 et 3, 7 et 2, 1 et 8","1"
"P","3","Unit 7","7","8a","62","N05.01","make a set with fewer counters","faire un ensemble  qui a moins d'objets","1 2 3 or 4","1 2 3 ou 4","1"
"P","3","Unit 7","7","8b","63","N05.01","make a set with as many as","faire un ensemble qui autant d'objets","5","5","1"
"P","3","Unit 7","7","8c","64","N05.01","make a set with more counters","faire un ensemble qui a plus d'objets","more than 5","plus que 5","1"
"P","3","Unit 7","7","8d","65","N05.02","direct comparison of two different sets","comparaison directe entre deux différents ensemble","","","1"
"P","3","Unit 7","7","9a","66","N06.01","identify how many counters in the ten-frame","identifier combien de points il y a dans une grille de dix","6","6","1"
"P","3","Unit 7","7","9b","67","N06.02","order irrelevance","non-pertinence de l’ordre","6","6","1"
"P","3","Unit 7","7","9c","68","N06.03","number conservation","conservation du nombre","6","6","1"
"P","4","Unit 10","10","1a","69","N01.01","Start at 1, count forward and stop at 20.","Commence à compter à partir de 1. Compte en ordre croissant et arrête à 20","1 2 3 4 5 6 7 8 9 10 11 12 13 14 15 16 17 18 19 20","1 2 3 4 5 6 7 8 9 10 11 12 13 14 15 16 17 18 19 20","1"
"P","4","Unit 10","10","1b","70","N01.01","Start at 10, count backward and stop at 1.","Commencer à compter à partir de 10, compter en ordre décroissant et arrêter à 1","10 9 8 7 6 5 4 3 2 1","10 9 8 7 6 5 4 3 2 1","1"
"P","4","Unit 10","10","2a","71","N01.02","Number after 9","Nombre après 9","10","10","1"
"P","4","Unit 10","10","2b","72","N01.03","Number before 8","Nombre avant 8","7","7","1"
"P","4","Unit 10","10","2c","73","N01.03","Number between 8 and 10","Nombre entre 8 et 10","9","9","1"
"P","4","Unit 10","10","3","74","N01.04","Start counting at 5 and say the number names up to 10","Commence à compter à partir de 5 et récite les nombres jusqu'à 10.","5 6 7 8 9 10","5 6 7 8 9 10","1"
"P","4","Unit 10","10","4a","75","N02.01","subitize dot configuration","reconnaitre sans compter la disposition des points","5","5","1"
"P","4","Unit 10","10","4b","76","N02.02","subitize five-frame","reconnaitre sans compter sur une grille de cinq","4","4","1"
"P","4","Unit 10","10","5a","77","N03.01","count the balloons","compter les ballons","10","10","1"
"P","4","Unit 10","10","5b","78","N03.02","identify quantity of balloons","identifier la quantité de ballons","10","10","1"
"P","4","Unit 10","10","5c","79","N03.02","match numeral","associer le symbole avec la quantité","10","10","1"
"P","4","Unit 10","10","5d","80","N03.03","show fingers","montrer la quantité avec les doigts","10","10","1"
"P","4","Unit 10","10","6a","81","N03.04","draw a set","dessiner l'ensemble","9","9","1"
"P","4","Unit 10","10","6b","82","N03.05","record numeral","écrire le chiffre correspondant","9","9","1"
"P","4","Unit 10","10","7a","83","N04.01","partition counters","séparer un ensemble en deux parties","1 and 9, 2 and 8, 3 and 7, 4 and 6, 5 and 5, 6 and 4, 7 and 3, 8 and 2, 9 and 1","1 et 9, 2 et 8, 3 et 7, 4 et 6, 5 et 5, 6 et  4, 7 et 3, 8 et 2, 9 et 1","1"
"P","4","Unit 10","10","7b","84","N04.01","name the two parts","nommer les deux parties d'un ensemble","1 and 9, 2 and 8, 3 and 7, 4 and 6, 5 and 5, 6 and 4, 7 and 3, 8 and 2, 9 and 1","1 et 9, 2 et 8, 3 et 7, 4 et 6, 5 et 5, 6 et  4, 7 et 3, 8 et 2, 9 et 1","1"
"P","4","Unit 10","10","8a","85","N05.01","make a set with fewer counters","faire un ensemble  qui a moins d'objets","1 2 3 or 4","1 2 3 ou 4","1"
"P","4","Unit 10","10","8b","86","N05.01","make a set with as many as","faire un ensemble qui autant d'objets","5","5","1"
"P","4","Unit 10","10","8c","87","N05.01","make a set with more counters","faire un ensemble qui a plus d'objets","more than 5","plus que 5","1"
"P","4","Unit 10","10","8d","88","N05.02","direct comparison of two different sets","comparaison directe entre deux différents ensemble","","","1"
"P","4","Unit 10","10","9a","89","N06.01","identify how many counters in the ten-frame","identifier combien de points il y a dans une grille de dix","7","7","1"
"P","4","Unit 10","10","9b","90","N06.02","order irrelevance","non-pertinence de l’ordre","7","7","1"
"P","4","Unit 10","10","9c","91","N06.03","number conservation","conservation du nombre","7","7","1"
"P","6","Unit 12","12","1a","92","N01.01","Start at 1, count forward and stop at 20.","Commence à compter à partir de 1. Compte en ordre croissant et arrête à 20","1 2 3 4 5 6 7 8 9 10 11 12 13 14 15 16 17 18 19 20","1 2 3 4 5 6 7 8 9 10 11 12 13 14 15 16 17 18 19 20","1"
"P","6","Unit 12","12","1b","93","N01.01","Start at 10, count backward and stop at 1.","Commencer à compter à partir de 10, compter en ordre décroissant et arrêter à 1","10 9 8 7 6 5 4 3 2 1","10 9 8 7 6 5 4 3 2 1","1"
"P","6","Unit 12","12","2a","94","N01.02","Number after 9","Nombre après 9","10","10","1"
"P","6","Unit 12","12","2b","95","N01.03","Number before 8","Nombre avant 8","7","7","1"
"P","6","Unit 12","12","2c","96","N01.03","Number between 8 and 10","Nombre entre 8 et 10","9","9","1"
"P","6","Unit 12","12","3","97","N01.04","Start counting at 5 and say the number names up to 10","Commence à compter à partir de 5 et récite les nombres jusqu'à 10.","5 6 7 8 9 10","5 6 7 8 9 10","1"
"P","6","Unit 12","12","4a","98","N02.01","subitize domino configuration","reconnaitre sans compter la disposition des points sur le domino","4","4","1"
"P","6","Unit 12","12","4b","99","N02.01","subitize dice configuration","reconnaitre sans compter la disposition des points sur le dé","5","5","1"
"P","6","Unit 12","12","4c","100","N02.01","subitize Rekenrek configuration","reconnaitre sans compter le placement des billes sur unRekenrek","3","3","1"
"P","6","Unit 12","12","4d","101","N02.01","subitize dot plate configuration","reconnaitre sans compter la disposition des points dans l'assiette ronde","5","5","1"
"P","6","Unit 12","12","4e","102","N02.02","subitize five-frame configuration","reconnaitre sans compter sur une grille de cinq","4","4","1"
"P","6","Unit 12","12","5a","103","N03.01","count the balloons","compter les ballons","10","10","1"
"P","6","Unit 12","12","5b","104","N03.02","identify quantity of balloons","identifier la quantité de ballons","10","10","1"
"P","6","Unit 12","12","5c","105","N03.02","match numeral","associer le symbole avec la quantité","10","10","1"
"P","6","Unit 12","12","5d","106","N03.03","show fingers","montrer la quantité avec les doigts","10","10","1"
"P","6","Unit 12","12","6a","107","N03.04","draw a set","dessiner l'ensemble","9","9","1"
"P","6","Unit 12","12","6b","108","N03.05","record numeral","écrire le chiffre correspondant","9","9","1"
"P","6","Unit 12","12","7a","109","N06.01","identify how many counters in the ten-frame","identifier combien de points il y a dans une grille de dix","7","7","1"
"P","6","Unit 12","12","7b","110","N06.02","order irrelevance","non-pertinence de l’ordre","7","7","1"
"P","6","Unit 12","12","7c","111","N06.03","number conservation","conservation du nombre","7","7","1"
"1","9","Unit 1","1","1","1","N01.01","Start at 8, count forward by 1","Commencer à compter en ordre croissant par sauts de 1 à partir de 8.","8, 9, 10, 11, 12, 13, 14","8, 9, 10, 11, 12, 13, 14","1"
"1","9","Unit 1","1","2","2","N01.02","Start at 16, count backward by 1","Commencer à compter par sauts de 1 en ordre décroissant à partir de 16.","16, 15, 14, 13, 12, 11, 10, 9","16, 15, 14, 13, 12, 11, 10, 9","1"
"1","9","Unit 1","1","3","3","N01.05","Start at 0, count forward by 2s.","Commencer à compter à partir de 0 par sauts de 2.","0, 2, 4, 6, 8, 10, 12, 14, 16, 18, 20","0, 2, 4, 6, 8, 10, 12, 14, 16, 18, 20","1"
"1","9","Unit 1","1","4a","4","N02.01","Subitize dice","Reconnaitre sans compter la disposition des points sur le dé","6","6","1"
"1","9","Unit 1","1","4b","5","N02.02","Subitize ten frame configuration","Reconnaitre sans compter la disposition des points sur la grille de dix","7","7","1"
"1","9","Unit 1","1","5a","6","N03.01","Count the counters.","Compter les jetons","12","12","1"
"1","9","Unit 1","1","5b","7","N03.04","Record the numeral","Écrire le chiffre correspondant","12","12","1"
"1","9","Unit 1","1","5c","8","N03.03","order irrelevance","non-pertinence de l’ordre","12","12","1"
"1","9","Unit 1","1","6a","9","N04.01","Make a set","Faire un ensemble","11","11","1"
"1","9","Unit 1","1","6b","10","N04.05","Partition counters","Séparer un ensemble en deux parties","1 and 10, 2 and 9, 3 and 8, 4 and 7, 5 and 6, 6 and 5, 7 and 4, 8 and 3, 9 and 2,  10 and 1","1 et10, 2 et 9, 3 et 8, 4 et 7, 5 et 6, 6 et 5, 7 et 4, 8 et 3, 9 et 2,  10 et 1","1"
"1","9","Unit 1","1","6c","11","N04.05","Name the two parts","Nommer les deux parties d'un ensemble","1 and 10, 2 and 9, 3 and 8, 4 and 7, 5 and 6, 6 and 5, 7 and 4, 8 and 3, 9 and 2,  10 and 1","1 et10, 2 et 9, 3 et 8, 4 et 7, 5 et 6, 6 et 5, 7 et 4, 8 et 3, 9 et 2,  10 et 1","1"
"1","9","Unit 1","1","7a","12","N08.01","Name one more.","Dire un de plus","10","10","1"
"1","9","Unit 1","1","7b","13","N08.01","Name one less.","Dire un de moins","8","8","1"
"1","11","Unit 3","3","1","14","N01.01","Start at 27, count forward by 1","Commencer à compter en ordre croissant par sauts de 1 à partir de 27.","27 28 29 30 31 32 33","27 28 29 30 31 32 33","1"
"1","11","Unit 3","3","2","15","N01.02","Start at 24, count backward by 1","Commencer à compter en ordre décroissant pas sauts de 1 à partir de 24","24 23 22 21 20 19 18","24 23 22 21 20 19 18","1"
"1","11","Unit 3","3","3a","16","N04.02","Represent in ten frame","Représenter le nombre dans la grille de dix","11","11","1"
"1","11","Unit 3","3","3b","17","N03.05","Counting on","Sans recompter, continuer de réciter les nombres","12 13","12 13","1"
"1","11","Unit 3","3","3c","18","N04.01","Represent in ten frame","Représenter le nombre dans la grille de dix","16","16","1"
"1","11","Unit 3","3","3d","19","N01.03","Write numeral.","Écrire le numéral","16 (if they write 61 and say ""sixteen"", score 1).","16","1"
"1","11","Unit 3","3","4a","20","N01.04","Read a numeral.","Lire le numéral","13","13","1"
"1","11","Unit 3","3","4b","21","N01.05","Skip count by 2s.","Compter par sauts de 2","0 2 4 6 8 10 12 14 16 18 20","0 2 4 6 8 10 12 14 16 18 20","1"
"1","11","Unit 3","3","4c","22","N01.06","Skip count by 5s.","Compter par sauts de 5","0 5 10 15 20 25 30 35 40 45 50 55 60 65 70  75 80 85 90 95 100","0 5 10 15 20 25 30 35 40 45 50 55 60 65 70  75 80 85 90 95 100","1"
"1","11","Unit 3","3","4d","23","N01.07","Skip count by 10s.","Compter par sauts de 10","0 10 20 30 40 50 60 70 80 90 100","0 10 20 30 40 50 60 70 80 90 100","1"
"1","11","Unit 3","3","5a","24","N02.01","Subitize Rekenrek.","Reconnaitre sans compter la disposition des billes sur un Rekenrek","7","7","1"
"1","11","Unit 3","3","5b","25","N02.02","Subitize ten frame configuration N02.02).","Reconnaitre sans compter la disposition des points dans un grille de dix","8","8","1"
"1","11","Unit 3","3","6a","26","N03.01","Count the counters.","Compter les jetons","15","15","1"
"1","11","Unit 3","3","6b","27","N07.01","Number conservation","conservation du nombre","15","15","1"
"1","11","Unit 3","3","7a","28","N04.01","Make a set","Faire un ensemble","12","","1"
"1","11","Unit 3","3","7b","29","N04.05","Partition counters","Séparer un ensemble en deux parties","1 and 11, 2 and 10, 3 and 9, 4 and 8, 5 and 7, 6 and 6, 7 and 5, 8 and 4, 9 and 3, 10 and 2, 11 and 1","1 et 11, 2 et 10, 3 et 9, 4 et 8, 5 et 7, 6 et 6, 7 et 5, 8 et 4, 9 et 3, 10 et 2, 11 et 1","1"
"1","11","Unit 3","3","7c","30","N04.05","How many counters are in the whole?","Quel est le nombre de jetons dans le tout?","11","11","1"
"1","11","Unit 3","3","7d","31","N04.06","Make a set of 11","Faire un ensemble de 11","creates set of 11","fait un ensemble de 11","1"
"1","11","Unit 3","3","8a","32","N08.01","Identify 2 more","Identifier 2 de plus","10","10","1"
"1","11","Unit 3","3","8b","33","N08.01","Identify 1 less","Identifier 1 de moins","7","7","1"
"1","11","Unit 3","3","9a","34","N03.02","Identify counting error","Identifier une erreur dans la séquence de nombres","no","non","1"
"1","11","Unit 3","3","9b","35","N03.02","Identify counting error","Corriger la séquence de compte","14 15 16 17 18 19 20 or says 16 was missing","14 15 16 17 18 19 20 ou dire que 16 n'était pas là","1"
"1","11","Unit 3","3","10","36","N06.02","Estimate with a referent and select from possible estimates (N06.01, N06.02)","Estimer à l'aide d'un référant et choisir une des estimations possibles","10","10","1"
"1","1","Unit 5","5","1","38","N01.01","Start at 47, count forward by 1","Commencer à compter en ordre croissant par sauts de 1 à partir de 47 .","47 48 49 50 51 52 53","47 48 49 50 51 52 53","1"
"1","1","Unit 5","5","2","39","N01.02","Start at 34, count backward by 1","Commencer à compter en ordre décroissant pas sauts de 1 à partir de 34","34 33 32 31 30 29 28","34 33 32 31 30 29 28","1"
"1","1","Unit 5","5","3a","40","N01.04","Read a numeral.","Lire le numéral","50","50","1"
"1","1","Unit 5","5","3b","41","N01.05","Skip count by 2s.","Compter par sauts de 2","0 2 4 6 8 10 12 14 16 18 20","0 2 4 6 8 10 12 14 16 18 20","1"
"1","1","Unit 5","5","3c","42","N01.06","Skip count by 5s.","Compter par sauts de 5","0 5 10 15 20 25 30 35 40 45 50 55 60 65 70  75 80 85 90 95 100","0 5 10 15 20 25 30 35 40 45 50 55 60 65 70  75 80 85 90 95 100","1"
"1","1","Unit 5","5","3d","43","N01.07","Skip count by 10s.","Compter par sauts de 10","0 10 20 30 40 50 60 70 80 90 100","0 10 20 30 40 50 60 70 80 90 100","1"
"1","1","Unit 5","5","4a","44","N02.01","Subitize Rekenrek.","Reconnaitre sans compter la disposition des billes sur un Rekenrek","8","8","1"
"1","1","Unit 5","5","4b","45","N02.02","Subitize ten frame configuration","Reconnaitre sans compter la disposition des points sur la grille de dix","9","9","1"
"1","1","Unit 5","5","5a","46","N04.01","Create a set","Faire un ensemble","13","13","1"
"1","1","Unit 5","5","5b","47","N04.05","Partition counters","Séparer un ensemble en deux parties","1 and 12, 2 and 11, 3 and 10, 4 and 9, 5 and 8, 6 and 7, 7 and 6, 8 and 5, 9 and 4, 10 and 3, 11 and 2, 12 and 1","1 et 12, 2 et 11, 3 et 10, 4 et 9, 5 et 8, 6 et 7, 7 et 6, 8 et 5, 9 et 4, 10 et 3, 11 et 2, 12 et 1","1"
"1","1","Unit 5","5","5c","48","N04.05","Identify whole","Identifier le tout","13","13","1"
"1","1","Unit 5","5","6","49","N04.02","Represent in ten frame","Repésenter un nombre dans une grille de dix","14","14","1"
"1","1","Unit 5","5","7","50","N04.04","Identify number on a numberline","Identifier un nombre sur une droite numérique","17","17","1"
"1","1","Unit 5","5","8a","51","N08.01","Identify 1 more","Identifier 1 de plus","10","10","1"
"1","1","Unit 5","5","8b","52","N08.01","Identify 2 less","Identifier 2 de moins","6","6","1"
"1","1","Unit 5","5","9a","53","N09.02","Model a story problem with manipulatives","Modeler une histoire de mathématique avec du matériel manipulatif","5 red counters and 5 yellow counters","5 jetons rouges et 5 jetons jaunes","1"
"1","1","Unit 5","5","9b","54","N10.01","Use a strategy to determine a sum","Utiliser une stratégie pour trouver une somme","Counts on from 5, knows 5+5=10, or double five. Score ""0"" if they count all.","Compte à partir de 5, sait qu 5+5=10, ou double 5. Score ""0"" si recompte tout.","1"
"1","1","Unit 5","5","9c","55","N09.02","Record number sentence.","Écrire une phrase numérique","5+5=10","5+5=10","1"
"1","1","Unit 5","5","9d","56","N09.04","Create story problems for given number sentences","Créer des problèmes contextualisés correspondant à la phrase numérique donnée","Story must match 3+7=10.","Invente une histoire qui va avec la phrase numérique 3+7=10.","1"
"1","3","Unit 7","7","1","57","N01.01","Start at 57, count forward by 1","Commencer à compter en ordre croissant par sauts de 1 à partir de 57.","57 58 59 60 61 62 63","57 58 59 60 61 62 63","1"
"1","3","Unit 7","7","2","58","N01.02","Start at 44, count backward by 1","Commencer à compter en ordre décroissant par sauts de 1 à partir de 44.","44 43 42 41 40 39 38","44 43 42 41 40 39 38","1"
"1","3","Unit 7","7","3a","59","N01.05","Skip count by 2s.","Compter par sauts de 2","0 2 4 6 8 10 12 14 16 18 20","0 2 4 6 8 10 12 14 16 18 20","1"
"1","3","Unit 7","7","3b","60","N01.06","Skip count by 5s.","Compter par sauts de 5","0 5 10 15 20 25 30 35 40 45 50 55 60 65 70  75 80 85 90 95 100","0 5 10 15 20 25 30 35 40 45 50 55 60 65 70  75 80 85 90 95 100","1"
"1","3","Unit 7","7","3c","61","N01.07","Skip count by 10s.","Compter par sauts de 10","0 10 20 30 40 50 60 70 80 90 100","0 10 20 30 40 50 60 70 80 90 100","1"
"1","3","Unit 7","7","4a","62","N02.01","Subitize domino.","Reconnaitre sans compter la disposition des points sur un domino","9","9","1"
"1","3","Unit 7","7","4b","63","N02.02","Subitize ten frame configuration","Reconnaitre sans compter la disposition des points sur la grille de dix","10","10","1"
"1","3","Unit 7","7","5a","64","N04.01","Create a set","Faire un ensemble","15","15","1"
"1","3","Unit 7","7","5b","65","N04.05","Partition counters","Séparer un ensemble en deux parties","Describes the amount that give a correct combination.","Décrit une combinaison correcte des deux quantités","1"
"1","3","Unit 7","7","5c","66","N04.05","Identify whole","Identifier le tout","15","15","1"
"1","3","Unit 7","7","6","67","N04.02","Represent in ten frame","Représenter un nombre dans une grille de dix","16","16","1"
"1","3","Unit 7","7","7","68","N04.04","Identify number on a numberline","Identifier un nombre sur une droite numérique","18","18","1"
"1","3","Unit 7","7","8a","69","N08.01","Identify 2 more","Identifier 2 de plus","12","12","1"
"1","3","Unit 7","7","8b","70","N08.01","Identify 1 less","Identifier 1 de moins","9","9","1"
"1","3","Unit 7","7","9a","71","N09.02","Model a story problem with manipulatives","Modeler une histoire de mathématique avec du matériel manipulatif.","4 counters and then 6 more counters.","4 jetons et ensuite, 6 jetons de plus","1"
"1","3","Unit 7","7","9b","72","N10.01","Use a strategy to determine a sum","Utiliser une stratégie pour trouver une somme","Counted on from 4 or knew 4+6=10.","Compte à partir de 4 ou sait que 4+6=10.","1"
"1","3","Unit 7","7","9c","73","N09.02","Record number sentence.","Écrire une phrase numérique","4+6=10 or 10-4=6.","4+6=10 ou 10-4=6.","1"
"1","3","Unit 7","7","9d","74","N09.04","Create story problems for given number sentences","Créer des problèmes contextualisés correspondant à la phrase numérique donnée","Story must match 8+2=10.","Invente une histoire qui va avec la phrase numérique  8+2=10.","1"
"1","4","Unit 9","9","1","75","N01.01","Start at 77, count forward by 1","Commencer à compter en ordre croissant par sauts de 1 à partir de 77.","77 78 79 80 81 82 83","77 78 79 80 81 82 83","1"
"1","4","Unit 9","9","2","76","N01.02","Start at 64, count backward by 1","Commencer à compter en ordre décroissant par sauts de 1 à partir de 64.","64 63 62 61 60 59 58","64 63 62 61 60 59 58","1"
"1","4","Unit 9","9","3a","77","N01.05","Skip count by 2s.","Compter par sauts de 2","0 2 4 6 8 10 12 14 16 18 20","0 2 4 6 8 10 12 14 16 18 20","1"
"1","4","Unit 9","9","3b","78","N01.06","Skip count by 5s.","Compter par sauts de 5","0 5 10 15 20 25 30 35 40 45 50 55 60 65 70  75 80 85 90 95 100","0 5 10 15 20 25 30 35 40 45 50 55 60 65 70  75 80 85 90 95 100","1"
"1","4","Unit 9","9","3c","79","N01.07","Skip count by 10s.","Compter par sauts de 10","0 10 20 30 40 50 60 70 80 90 100","0 10 20 30 40 50 60 70 80 90 100","1"
"1","4","Unit 9","9","4a","80","N02.01","Subitize domino.","Reconnaitre sans compter la disposition des points sur un domino","8","8","1"
"1","4","Unit 9","9","4b","81","N02.02","Subitize dot card","Reconnaitre sans compter la disposition des points sur une carte","9","9","1"
"1","4","Unit 9","9","5a","82","N04.01","Create a set","Faire un ensemble","16","16","1"
"1","4","Unit 9","9","5b","83","N04.05","Partition counters","Séparer un ensemble en deux parties","Describes the amount that give a correct combination.","Décrit une combinaison correcte des deux quantités","1"
"1","4","Unit 9","9","5c","84","N04.05","Identify whole","Identifier le tout","16","16","1"
"1","4","Unit 9","9","6","85","N04.02","Represent in ten frame","Représenter un nombre dans une grille de dix","17","17","1"
"1","4","Unit 9","9","7","86","N04.04","Place numbers on a numberline","Placer les nombres sur une droite numérique","4, 8, 7 placed correctly.","Place correctement 4, 8 et 7","1"
"1","4","Unit 9","9","8a","87","N08.01","Identify 1 more","Identifier 1 de plus","15","15","1"
"1","4","Unit 9","9","8b","88","N08.01","Identify 2 less","Identifier 2 de moins","13","13","1"
"1","4","Unit 9","9","9a","89","N09.02","Model a story problem with manipulatives","Modeler une histoire de mathématique avec du matériel manipulatif.","3 yellow counters and 7 red counters.","3 jetons jaunes et 7 jetons rouges.","1"
"1","4","Unit 9","9","9b","90","N10.01","Use a strategy to determine a sum","Utiliser une stratégie pour trouver une somme","Count on from 3 to 10 or knew that 3+7 makes 10.","Compte à partir de 3 jusqu'à 10 ou sait que 3+7 fait 10.","1"
"1","4","Unit 9","9","9c","91","N09.02","Record number sentence.","Écrire une phrase numérique","3+7=10 or 10-3=7","3+7=10 ou 10-3=7","1"
"1","4","Unit 9","9","9d","92","N09.04","Create story problems for given number sentences","Créer des problèmes contextualisés correspondant à la phrase numérique donnée","Story matches 2+8=10","Invente une histoire qui va avec la phrase numérique  2+8=10.","1"
"1","4","Unit 9","9","9e","93","N10.02","Use a strategy to determine a difference","Utiliser une stratégie pour trouver une différence","Counts back from 10 or knew that 4+6=10.  Score ""0"" if they count all counters.","Compte à rebours à partir de 10 ou sait que 4+6=10.","1"
"1","6","Unit 11","11","1a","1","N10.01","7+1","7+1","8","8","1"
"1","6","Unit 11","11","1b","2","N10.01","6+2","6+2","8","8","1"
"1","6","Unit 11","11","1c","3","N10.01","7+3","7+3","10","10","1"
"1","6","Unit 11","11","1d","4","N10.01","6+4","6+4","10","10","1"
"1","6","Unit 11","11","1e","5","N10.01","6+6","6+6","12","12","1"
"1","6","Unit 11","11","1f","6","N10.01","10+4","10+4","14","14","1"
"1","6","Unit 11","11","1g","7","N10.04","9-1","9-1","8","8","1"
"1","6","Unit 11","11","1h","8","N10.04","8-2","8-2","6","6","1"
"2","9","Unit 1","1","1","1","N01.04","Correct counting errors","Corrige les erreurs dans une suite numérique","Both counting errors must be corrected to score check","les deux erreurs de comptage doivent être corrigées pour obtenir le crochet","1"
"2","9","Unit 1","1","2","2","N01.05","Counting coins","Compter la monnaie","30 cents","30 cents","1"
"2","9","Unit 1","1","3","3","N02.01","Determine odd or even numbers","Détermine si un nombre est pair ou impair","7- odd    12-even","7- impair 12-pair","1"
"2","9","Unit 1","1","4","4","N02.02","Identify odd or even numbers","Identifie les nombres impairs ou pairs","Circles only and all odd numbers","encercle tous les nombres impairs, et seulement les nombre impairs","1"
"2","9","Unit 1","1","5","5","N04.01","Represent a number with ten-frames","Représente un nombre dans une grille de dix","47","47","1"
"2","9","Unit 1","1","6","6","N04.02","Represent a number with coins","Représente un nombre avec de la monnaie","3 nickels drawn","3 pièces de 5 cents sont dessinées","1"
"2","9","Unit 1","1","7","7","N04.03","Represent a number with tallies","Représente un nombre avec des marques de pointage","4 groups of 5 tally marks and 1 tally mark","4 groupes de 5 marques et une marque de pointage","1"
"2","9","Unit 1","1","8","8","N04.04","Partition a number","Décompose un nombre","Any combination of 18 that shows partitioning in three different ways","toute combinaison de 18 montrant des partitions de trois manières différentes","1"
"2","9","Unit 1","1","9","9","N04.06","Represent a number with expressions","Représente un nombre avec des expressions","Circles 30+6, 40-4 and 28+8","encercle 30+6, 40-4 et 28+8","1"
"2","9","Unit 1","1","10","10","N04.08","Record numbers to 20 in words","Écris un nombre jusqu'à 20 en mots","five  sixteen  (students may access their word wall: however, correct spelling is not required)","cinq    seize    (les élèves peuvent consulter leur mur de mots; cependant, l'orthographe exacte n'est pas requise)","1"
"2","9","Unit 1","1","11","11","N04.09","Record a number symbolically.","Écris un nombre sous forme symbolique","43  17  30","43  17  30","1"
"2","9","Unit 1","1","12a","12","N01.01","Start at 57, count forward by 1s","Commence à 57. Compte en ordre croissant par sauts de 1.","57 58 59 60 61 62 63","57 58 59 60 61 62 63","1"
"2","9","Unit 1","1","12b","13","N01.01","Start at 44, count backwards by 1","Commence à 44. Compte à rebours par sauts de 1.","44 43 42 41 40 39 38","44 43 42 41 40 39 38","1"
"2","9","Unit 1","1","13a","14","N01.02","Start at 10, count forward by 2s","Compte en ordre croissant par sauts de 2 - Commence à 10.","10 12 14 16 18 20 22","10 12 14 16 18 20 22","1"
"2","9","Unit 1","1","13b","15","N01.02","Start at 10, count forward by 5s","Compte en ordre croissant par sauts de 5 - Commence à 10.","10 15 20 25 30 35","10 15 20 25 30 35","1"
"2","9","Unit 1","1","13c","16","N01.02","Start at 10, count forward by 10s","Compte en ordre croissant par sauts de 10 - Commence à 10.","10 20 30 40 50 60","10 20 30 40 50 60","1"
"2","9","Unit 1","1","14","17","N01.03","Start at 24, count forward by 10s (provide 100s chart)","Compte par sauts de 10 en ordre croissant. Commence à 24.","24 34 44 54 64","24 34 44 54 64","1"
"2","9","Unit 1","1","15","18","N01.06","Counts a set","Compte un ensemble","Explains the total would not change","Explique que le total ne change pas","1"
"2","9","Unit 1","1","16","19","N04.07","Reads a number","Lis un nombre","twenty-one, nineteen, fifty-seven, fifteen","vingt et un, dix-neuf, cinquante-sept, quinze","1"
"2","9","Unit 1","1","17","20","N06.01","Estimate with a referent","Estime avec un référent","Estimate is between 10-20","Estime un nombre entre 10 et 20","1"
"2","9","Unit 1","1","18a","21","N08.01","Plus zero fact: 9 + 0","Plus 0: 9 + 0","9","9","1"
"2","9","Unit 1","1","18b","22","N10.01","Plus one fact: 1 + 5","Plus 1: 1 + 5","6","6","1"
"2","9","Unit 1","1","18c","23","N10.01","Plus two fact: 2 + 6","Plus 2: 2 + 6","8","8","1"
"2","9","Unit 1","1","18d","24","N10.01","10+__ fact: 10 + 5","10+__ : 10 + 5","15","15","1"
"2","9","Unit 1","1","18e","25","N10.01","Combos of 10: 4 + 6","Combinaisons de 10:  4 + 6","10","10","1"
"2","9","Unit 1","1","18f","26","N10.01","Doubles fact 7","Double de 7","14","14","1"
"2","9","Unit 1","1","18g","27","N10.01","Doubles fact 6","Double de 6","12","12","1"
"2","9","Unit 1","1","18h","28","N08.02","Subtract zero fact: 6 - 0","Soustrait Zéro: 6  -  0","6","6","1"
"2","9","Unit 1","1","18i","29","N10.05","Subtract 1 fact: 10 - 1","Soustrait Un:  10  -  1","9","9","1"
"2","9","Unit 1","1","18j","30","N10.05","Subtract 2 fact: 8 - 2","Soustrait Deux :  8  -  2","6","6","1"
"2","11","Unit 3","3","1","31","N04.01","Represent a number with ten-frames","Représente un nombre avec une grille de dix","57","57","1"
"2","11","Unit 3","3","2","32","N04.02","Represent a number with coins","Représente un nombre avec de la monnaie","Any combination to make 17 cents.","toute combinaison représentant 17 cents","1"
"2","11","Unit 3","3","3","33","N04.03","Represent a number with tallies","Représente un nombre avec des marques de pointage","5 groups of 5 and one tally mark","5 groupes de 5 et une marque de pointage","1"
"2","11","Unit 3","3","4","34","N04.04","Partition a number","Décompose un nombre","Any combination of 26 that shows partitioning in three different ways","toute combinaison de 26 qui montre le nombre décomposé de trois façons différentes","1"
"2","11","Unit 3","3","5","35","N04.06","Represent a number with expressions","Représente un nombre avec des expressions","Circles 10+10+10+3+10+10, 56-3, and 30+23","Encercle 10+10+10+3+10+10, 56-3, et 30+23","1"
"2","11","Unit 3","3","6","36","N04.08","Record numbers to 20 in words","Écris un nombre jusqu'à 20 en mots","Seven   twenty (students may access their word wall:  correct spelling is not required)","Sept      Vingt     (les élèves peuvent consulter leur mur de mots; cependant, l'orthographe exacte n'est pas requise)","1"
"2","11","Unit 3","3","7","37","N05.01","Compare and order a set of numbers","Compare et ordonne un groupe de nombres","Numbers are near/in the correct  placement.","Les nombres sont placés proches de/dans leur position exacte","1"
"2","11","Unit 3","3","8","38","N05.02","Identify errors in a sequence","Trouver l'erreur dans une séquence de nombres","Numbers are sorted in ascending order.","Les nombres sont placés dans l'ordre croissant","1"
"2","11","Unit 3","3","9","39","N05.03","Identify missing numbers in a hundred chart.","identifie les nombres manquants","Numbers are written in correct box.","Identifie les nombres manquants","1"
"2","11","Unit 3","3","10","40","N05.04","Identify errors in a hundred chart","Identifier les erreurs dans une grille de cent","18","18","1"
"2","11","Unit 3","3","11","41","N04.09","Record a number symbolically.","Écris un nombre en forme symbolique","74  18  12","74  18  12","1"
"2","11","Unit 3","3","12","42","N07.02","Count objects and record tens and ones.","Compter les objets et écrire les dizaines et les unités","3 tens, 7 ones","3 dizaines, 7 unités","1"
"2","11","Unit 3","3","13","43","N07.03","Show a number different ways with tens and ones.","Montre un nombre de différentes façons avec des dizaines et des unités","Any 2 of the following: 4 tens, 6 ones 3 tens, 16 ones 2 tens, 26 ones 1 ten, 36 ones","Construit 2 des examples suivants: 4 dizaines, 6 unités 3 dizaines, 16 unités 2 dizaines, 26 unités 1 dizaine, 36 unités","1"
"2","11","Unit 3","3","14","44","N07.04","Illustrate a numeral with ten-frames","Illustre un numéral avec des grilles de dix","Represents 53  correctly","Représente 53 correctement","1"
"2","11","Unit 3","3","15","45","N07.05","Illustrate a numeral with tens and ones","Illustre un numéral avec des dizaines et des unités","Set of 2 tens and 13 ones","Ensemble de 2 dizaines et 13 unités","1"
"2","11","Unit 3","3","16","46","N07.07","Sketch a base-ten model of a numeral","Fais un dessin de blocs de base dix pour un numéral","4 lines drawn","Dessine 4 lignes","1"
"2","11","Unit 3","3","17a","47","N01.01","Start at 87 count forward by 1s.","Commence à 87. Compte en ordre croissant par sauts de 1.","87 88 89 90 91 92 93","87 88 89 90 91 92 93","1"
"2","11","Unit 3","3","17b","48","N01.01","Start at 64, count backwards by 1s.","Commence à 64. Compte à rebours par sauts de 1.","64 63 62 61 60 59 58","64 63 62 61 60 59 58","1"
"2","11","Unit 3","3","18a","49","N01.02","Start at 11, count forward by 2s.","Commence à 11, compte par ordre croissant par sauts de 2.","11 13 15 17 19 21 23","11 13 15 17 19 21 23","1"
"2","11","Unit 3","3","18b","50","N01.02","Start at 55, count forward by 5s","Commence à 55, compte par ordre croissant par sauts de 5.","55 60 65 70 75 80","55 60 65 70 75 80","1"
"2","11","Unit 3","3","18c","51","N01.02","Start at 60, count forward by 10s","Commence à 60, compte par ordre croissant par sauts de 10.","60 70 80 90 100","60 70 80 90 100","1"
"2","11","Unit 3","3","19","52","N01.03","Counting on a hundred chart","Compte avec une grille de cent","13 23 33 43 53 63","13 23 33 43 53 63","1"
"2","11","Unit 3","3","20","53","N01.06","Counting a set","Compte un ensemble","Regardless of what count they get when counting by 2s, students should be able to explain that the total would not change if they counted by 5s.  Score ""◯"" if the student recounts by 5s (or 1s).","Peu importe le résultat en comptant par sauts de 2, l’élève devrait être capables d'expliquer que le total ne change pas en comptant par sauts de 5. Attribuez la note «◯» si l'élève recompte l'ensemble par sauts de 5 (ou de 1).","1"
"2","11","Unit 3","3","21","54","N04.07","Read a number","Lire un nombre","twenty-one  nineteen  fifty-seven  fifteen","vingt et un    dix-neuf       cinquante-sept      quinze","1"
"2","11","Unit 3","3","22","55","N06.01","Estimate using a referent","Estime en utilisant un référent","Estimate is between 10-20.  Score ""◯"" if out of range or if the student counts the cubes in the longer train.","L'estimation se situe entre 10 et 20. Attribuez la note «◯» si l'estimation est hors de cet intervalle ou si l'élève compte les cubes du train le plus long.","1"
"2","11","Unit 3","3","23a","56","N07.01","Illustrates the meaning of place value.","Explique la valeur de la position et ce qu'un chiffre signifie.","Explains two ten towers represent 20, and two individual cubes represent 2.","Explique que deux tours de dix représentent 20 et que deux cubes seuls représentent 2.","1"
"2","11","Unit 3","3","23b","57","N07.06","Explains the value of the digits.","Explique la valeur des chiffres dans un nombre.","Explains two in the ones place of 12 represents two and two in the tens place of 21 represents twenty.  Shows understanding that the position of a digit matters and explains why the value of a digit depends on its placement within a numeral.","Explique que le 2 à la place des unités dans 12 représente 2, et que le 2 à la place des dizaines dans 21 représente 20. Démontre que la valeur d'un chiffre dépend de sa position dans le nombre.","1"
"2","11","Unit 3","3","24a","58","N08.01","Plus zero fact: 9 + 0","Plus 0: 9 + 0","9","9","1"
"2","11","Unit 3","3","24b","59","N10.01","Plus one fact: 1 + 5","Plus 1: 1 + 5","6","6","1"
"2","11","Unit 3","3","24c","60","N10.01","Plus two fact: 2 + 6","Plus 2: 2 + 6","8","8","1"
"2","11","Unit 3","3","24d","61","N10.01","10+__ fact: 10 + 5","10+__ : 10 + 5","15","15","1"
"2","11","Unit 3","3","24e","62","N10.01","Combos of 10: 4 + 6","Combinaisons de 10:  4 + 6","10","10","1"
"2","11","Unit 3","3","24f","63","N10.01","Doubles fact 7","Double de 7","14","14","1"
"2","11","Unit 3","3","24g","64","N10.01","Doubles fact 6","Double de 6","12","12","1"
"2","11","Unit 3","3","24h","65","N08.02","Subtract zero fact: 6 - 0","Soustrait Zéro: 6  -  0","6","6","1"
"2","11","Unit 3","3","24i","66","N10.05","Subtract 1 fact: 10 - 1","Soustrait Un:  10  -  1","9","9","1"
"2","11","Unit 3","3","24j","67","N10.05","Subtract 2 fact: 8 - 2","Soustrait Deux :  8  -  2","6","6","1"
"2","1","Unit 5","5","1","68","N01.05","Counting coins","Compter la monnaie","36 cents","36 cents","1"
"2","1","Unit 5","5","2","69","N04.01","Represent a number with base-ten blocks","Représente un nombre avec des blocs de base dix","A combination of 4 lines and 5 dots","Une combinaison de 4 lignes et 5 points","1"
"2","1","Unit 5","5","3","70","N04.02","Represent a number with coins","Représente un nombre avec de la monnaie","Any combination of coins that shows 66 cents","Toute combinaison représentant 66 cents","1"
"2","1","Unit 5","5","4","71","N04.06","Represent a number with expressions","Représente un nombre avec des expressions","Circles 10+10+42, 71-9, and 55+7","Encercle 10+10+42, 71-9, et 55+7","1"
"2","1","Unit 5","5","5","72","N05.01","Compare and order a set of numbers","Compare et ordonne un ensemble de nombres","Numbers are correctly sorted in descending order","Les nombres sont placés dans l'ordre décroissant","1"
"2","1","Unit 5","5","6","73","N05.02","Compare and order a set of numbers","Compare et ordonne un ensemble de nombres","Numbers are near/in the correct  placement.","Les nombres sont placés proches de/dans leur position exacte","1"
"2","1","Unit 5","5","7","74","N06.03","Select and explain the best estimate","Choisis et explique la meilleure estimation","65 and a reasonable explanation is given","65 et donne une explication raisonnable","1"
"2","1","Unit 5","5","8","75","N07.03","Show a number in different ways","Montre un nombre d'une autre façon","23","23","1"
"2","1","Unit 5","5","9","76","N07.03","Show a number in different ways","Montre un nombre d'une autre façon","23","23","1"
"2","1","Unit 5","5","10","77","N09.01","Solve a story problem and write a number sentence","Résous un problème contextualisé et écris la phrase numérique","Sketches 9 counters writes a number sentence such as 11-2=9 or 2+9=11","Dessine 9 jetons et écris une phrase numérique telle que 11-2=9 ou 2+9=11","1"
"2","1","Unit 5","5","11","78","N09.03","Match a number sentence and a story problem","Associe la phrase numérique pour un problème donné","9-3=6","9-3=6","1"
"2","1","Unit 5","5","12","79","N09.04","Create a subtraction number sentence and a story problem","crée une phrase numérique de soustraction ainsi qu’un problème contextualisé","Create an addtion number sentence and corresponding story problem with 7 markers as the solution","crée une phrase numérique de soustraction ainsi qu'un problème contextualisé ayant 7 marqueurs comme solution","1"
"2","1","Unit 5","5","13","80","N09.05","Model addition and subtraction using visual representations and record the process symbolically","modèle l’addition et la soustraction à l’aide de représentations visuelles et noter le processus de manière symbolique.","Creates number sentence and models a representation of their thinking","crée une phrase numérique et modèle une représentation de leur réflexion","1"
"2","1","Unit 5","5","14a","81","N01.01","Start at 98 count forward by 1s.","Commence à compter à 98 en ordre croissant par sauts de 1.","98  99 100 101 102 103","98  99 100 101 102 103","1"
"2","1","Unit 5","5","14b","82","N01.01","Start at 74, count backwards by 1s","Commence à compter à 74 en ordre décroissant par sauts de 1.","74 73 72 71 70 69 68","74 73 72 71 70 69 68","1"
"2","1","Unit 5","5","15a","83","N01.02","Start at 23, count backward by 2s","Commence à compter à 23 par sauts de 2 en ordre croissant","23 21 19 17 15 13 11","23 21 19 17 15 13 11","1"
"2","1","Unit 5","5","15b","84","N01.02","Start at 80, count backward by 5s","Commence à compter à 80 par sauts de 5 en ordre décroissant","80 75 70 65 60 55","80 75 70 65 60 55","1"
"2","1","Unit 5","5","15c","85","N01.02","Start at 100, count back by 10s","Commence à compter à 100 par sauts de 10 en ordre décroissant","100 90 80 70 60","100 90 80 70 60","1"
"2","1","Unit 5","5","16","86","N01.03","Count on a hundred chart","Compte avec une grille de cent","63 53 43 33 23 13","63 53 43 33 23 13","1"
"2","1","Unit 5","5","17","87","N01.06","Counting a set","Compte un ensemble","Regardless of what count they get when counting by 2s, students should be able to explain that the total would not change if they counted by 5s.  Score ""◯"" if the student recounts by 5s (or 1s).","Peu importe le résultat qu'ils obtiennent en comptant par sauts de 2, l’élève devrait être capables d'expliquer que le total ne changerait pas en comptant par sauts de 5. Attribuez la note «◯» si l'élève recompte l'ensemble par sauts de 5 (ou de 1).","1"
"2","1","Unit 5","5","18a","88","N08.01","Plus zero fact: 9 + 0","Plus 0: 9 + 0","9","9","1"
"2","1","Unit 5","5","18b","89","N10.01","Combos of 10: 3 + 7","Combinaisons de 10: 3 + 7","10","10","1"
"2","1","Unit 5","5","18c","90","N10.01","10 + ____ : 10 + 6","10 + ___ : 10 +  6","16","16","1"
"2","1","Unit 5","5","18d","91","N10.01","Doubles fact 7","Double de 7","14","14","1"
"2","1","Unit 5","5","18e","92","N10.01","Doubles fact 8","Double de 8","16","16","1"
"2","1","Unit 5","5","18f","93","N10.01","Near Doubles: 7 + 6","Quasi double: 7 + 6","13","13","1"
"2","1","Unit 5","5","18g","94","N10.01","Make ten: 9 + 6","Obtenir-10:  9 + 6","15","15","1"
"2","1","Unit 5","5","18h","95","N08.02","Subtract zero fact: 6 - 0","Soustrait Zéro: 6 - 0","6","6","1"
"2","1","Unit 5","5","18i","96","N10.05","Subtract 1 fact: 10 - 1","Soustrait Un: 10 - 1","9","9","1"
"2","1","Unit 5","5","18j","97","N10.05","Subtract 2 fact: 8 - 2","Soustrait Deux:  8 - 2","6","6","1"
"2","3","Unit 7","7","1a","98","N04.01","Represent a number with base-ten blocks","Représente un nombre avec des blocs de base dix","Any combination of blocks that value 49","Toute combinaison de blocs représentant la valeur de 49","1"
"2","3","Unit 7","7","1b","99","N04.02","Representing a number with coins","Représente un nombre avec de la monnaie","Any combination of coins that value 49","Toute combinaison de pièces de monnaie représentant la valeur de 49","1"
"2","3","Unit 7","7","1c","100","N04.03","Representing a number with tallies","Représente un nombre avec des marques de pointage","Nine groups of 5 tally marks and 4 tally marks","Neuf groups de 5 marques et 4 marques de pointage","1"
"2","3","Unit 7","7","1d","101","N04.06","Representing a number with a subtraction expression","Représente un nombre avec une expression de soustraction","Any subtraction expression that represents 49 ie. 59-10 (an equation is incorrect ie. 59-10=49)","oute expression de soustraction qui représente 49","1"
"2","3","Unit 7","7","2","102","N09.01","Solve a story problem and write a number sentence","Résous un problème contextualisé donné, écris une phrase numérique pour représenter la réflexion dans la solution.","Sketches a value of 18 in base-ten blocks and writes a numbersentence such as 23-5=18 or 5+18=23","dessine la valeur de 18 à l’aide de dessins de blocs de base dix et écris une phrase numérique telle que: 23 - 5 = 18 ou 5 + 18 = 23","1"
"2","3","Unit 7","7","3","103","N09.03","Match a number sentence and a story problem","Associe la phrase numérique pour un problème donné","17-8=9","17-8=9","1"
"2","3","Unit 7","7","4","104","N09.03","Create an addtion number sentence and corresponding story problem for a given solution","Crée une phrase numérique d’addition ainsi qu’un problème contextualisé pour une solution donnée","Create an addtion number sentence and corresponding story problem with 12 stuffed animals as the solution","créé une phrase numérique d’addition et un problème contextualisé ayant 12 oursons en peluche comme solution","1"
"2","3","Unit 7","7","5","105","N09.05","Model addition and subtraction using visual representations and record the process symbolically","Modèle l’addition et la soustraction à l’aide de représentations visuelles et noter le processus de manière symbolique.","model addition and subtraction using visual representations and record the process symbolically","crée une phrase numérique et modèle une représentation de leur réflexion","1"
"2","3","Unit 7","7","6a","106","N01.01","Start at 188, count forward by 1s","Commence à compter à 188 en ordre croissant par sauts de 1.","188 189 190 191 192","188 189 190 191 192","1"
"2","3","Unit 7","7","6b","107","N01.01","Start at 103, count backward by 1s","Commence à compter à 103 en ordre décroissant par sauts de 1.","103 102 101 100 99 98","103 102 101 100 99 98","1"
"2","3","Unit 7","7","7a","108","N01.02","Start at 23, count backward by 2s","Commence à compter à 23 par sauts de 2 en ordre croissant","23 21 19 17 15 13 11","23 21 19 17 15 13 11","1"
"2","3","Unit 7","7","7b","109","N01.02","Start at 80, count backward by 5s","Commence à compter à 80 par sauts de 5 en ordre décroissant","80 75 70 65 60","80 75 70 65 60","1"
"2","3","Unit 7","7","7c","110","N01.02","Start at 100, count back by 10s","Commence à compter à 100 par sauts de 10 en ordre décroissant","100 90 80 70 60","100 90 80 70 60","1"
"2","3","Unit 7","7","8","111","N01.03","Count on a hundred chart","Compte avec une grille de cent","63 53 43 33 23 13","63 53 43 33 23 10","1"
"2","3","Unit 7","7","9a","112","N08.01","Plus zero fact: 9 + 0","Plus 0: 9 + 0","9","9","1"
"2","3","Unit 7","7","9b","113","N10.01","Combos of 10: 3 + 7","Combinaisons de 10: 3 + 7","10","10","1"
"2","3","Unit 7","7","9c","114","N10.01","10 + ____ : 10 + 6","10 + ___ : 10 +  6","16","16","1"
"2","3","Unit 7","7","9d","115","N10.01","Doubles fact 7","Double de 7","14","14","1"
"2","3","Unit 7","7","9e","116","N10.01","Doubles fact 8","Double de 8","16","16","1"
"2","3","Unit 7","7","9f","117","N10.01","Near Doubles: 7 + 6","Quasi double: 7 + 6","13","13","1"
"2","3","Unit 7","7","9g","118","N10.01","Make ten: 9 + 6","Obtenir-10:  9 + 6","15","15","1"
"2","3","Unit 7","7","9h","119","N08.02","Subtract zero fact: 6 - 0","Soustrait Zéro: 6 - 0","6","6","1"
"2","3","Unit 7","7","9i","120","N10.05","Subtract 1 fact: 10 - 1","Soustrait Un: 10 - 1","9","9","1"
"2","3","Unit 7","7","9j","121","N10.05","Subtract 2 fact: 8 - 2","Soustrait Deux:  8 - 2","6","6","1"
"3","9","Unit 1","1","1","1","N01.06","Error on a numberline","erreur sur une droite numérique","99","99","1"
"3","9","Unit 1","1","2","2","N01.08","Identify skip counting pattern","reconnait la régularité","Start at 55 Skip count  backward by 4s.","Commence à 55 et compte en ordre décroissant par sauts de 4.","1"
"3","9","Unit 1","1","3","3","N01.07","Value of a given set of coins shown in cents","la valeur de l’argent représenté en cents","Any combination of both nickels  and dimes that total a value of 85 cents.","n'importe quelle combinaison de pièces de 5 cents et de 10 cents dont la valeur totale est de 85 cents","1"
"3","9","Unit 1","1","4","4","N02.03","Represent a number as an expression","Représente un nombre avec une expression","170+30","170+30","1"
"3","9","Unit 1","1","5","5","N02.04","Represent a number pictorially","représente un nombre donné en image","123","123","1"
"3","9","Unit 1","1","6","6","N03.04","Missing numbers on a number chart","nombre manquant sur une grille de cent","37","37","1"
"3","9","Unit 1","1","7","7","N04.04","Select an estimate for a given quantity from three possible choices.","choisit une estimation pour une quantité donnée parmi trois choix possibles","45","45","1"
"3","9","Unit 1","1","8a","8","N01.01","Counting backward by 1s.  Start at 203","Compte à rebours par sauts de 1. Commence à 203","203 202 201 200 199 198 197","203 202 201 200 199 198 197","1"
"3","9","Unit 1","1","8b","9","N01.02","Count backwards by 2s.  Start at 200","Compte à rebours par sauts de 2. Commence à 200","200 198 196 194 192 190 188","200 198 196 194 192 190 188","1"
"3","9","Unit 1","1","8c","10","N01.02","Count backwards by 100s.  Start at 1000","Compte à rebours par sauts de 100. Commence à 1000","1000 900 800 700 600 500 400","1000 900 800 700 600 500 400","1"
"3","9","Unit 1","1","9a","11","N01.02","Count forwards by 5s.  Start at 185","Compte en ordre croissant par sauts de 5. Commence à 185","185 190 195 200 205 210 215","185 190 195 200 205 210 215","1"
"3","9","Unit 1","1","9b","12","N01.02","Count forwards by 10.  Start at 185","Compte en ordre croissant par sauts de 10. Commence à 185","185 195 205 215 225 235","185 195 205 215 225 235","1"
"3","9","Unit 1","1","9c","13","N01.05","Count forwards by 25s.  Start at 25","Compte en ordre croissant par sauts de 25. Commence à 25","25 50 75 100 125 150","25 50 75 100 125 150","1"
"3","9","Unit 1","1","10","14","N02.01","Read a number from a numeral.","Lis le nombre écrit sous forme symbolique","204 115 180","204 115 180","1"
"3","9","Unit 1","1","11","15","N02.02","Read a number from words","Lis le nombre écris en mots","one hundred seventeen   one hundred sixty-two   two hundrded eight","cent soixante-dix  cent soixante-deux deux cent huit","1"
"3","9","Unit 1","1","12a","16","N10.01","Plus 2 fact: 2 + 5","Plus 2: 2 + 5","7","7","1"
"3","9","Unit 1","1","12b","17","N10.01","Combos of 10:  4 + 6","Combinaison de 10: 4 + 6","10","10","1"
"3","9","Unit 1","1","12c","18","N10.01","10 plus some more fact: 7 + 10","10+__ : 7+ 10","17","17","1"
"3","9","Unit 1","1","12d","19","N10.01","Doubles fact: 8 + 8","Double: 8 + 8","16","16","1"
"3","9","Unit 1","1","12e","20","N10.01","Near doubles fact: 7 + 6","Quasi Double: 7 + 6","13","13","1"
"3","9","Unit 1","1","12f","21","N10.01","Make a 10 or pretend a 10: 5 + 8","Obtenir-10 ou Pense-à-10:  5 + 8","13","13","1"
"3","9","Unit 1","1","12g","22","N10.03","Subtract 2 fact: 8 - 2","Soustrait 2:  8 - 2","6","6","1"
"3","9","Unit 1","1","12h","23","N10.03","Combos of 10: 10 - 3","Combinaison de 10: 10 - 3","7","7","1"
"3","9","Unit 1","1","12i","24","N10.03","Think addition doubles: 14 - 7","Pense addition: 14 - 7","7","7","1"
"3","9","Unit 1","1","12j","25","N10.03","Think addition near doubles: 11 - 6","Pense addition: 11 - 6","5","5","1"
"3","11","Unit 3","3","1","26","N01.06","Identify error on a number chart","","102","102","1"
"3","11","Unit 3","3","2","27","N01.07","Value of a given set of coins shown in cents","la valeur de l’argent représenté en cents","Uses any combination of all coins  (nickels and dimes) that total a value of 155 cents.","n'importe quelle combinaison de pièces de 5 cents et de 10 cents dont la valeur totale est de 155 cents","1"
"3","11","Unit 3","3","3","28","N01.08","Identify a skip counting pattern","Reconnais la régularité utilisée pour compter par sauts dans une suite donnée.","161 163 167","161 163 167","1"
"3","11","Unit 3","3","4","29","N02.03","Represent a number as an expression","Représente un nombre avec une expression","10 + 9","10 + 9","1"
"3","11","Unit 3","3","5","30","N02.04","Represent a number pictorially in a variety  of ways","Représenter un nombre donné concrètement et en image de plusieurs façons.","Draws base-ten blocks to represent  213 in two different ways.","Représente 213 avec des blocs de base dix de deux façons différentes.","1"
"3","11","Unit 3","3","6","31","N02.05","Write number words for given multiples of ten.","Écrire à l’aide de mots des multiples de 10","Twenty  Fifty  (correct spelling is  not required)","Vingt     Cinquante  (l'orthographe exacte n'est pas requise)","1"
"3","11","Unit 3","3","7","32","N02.06","Write number words for given multiples of hundred.","Écrire à l’aide de mots des multiples de 100","Four hundred  Six hundred  (correct spelling is not required).","quatre cent         six cent  (l'orthographe exacte n'est pas requise)","1"
"3","11","Unit 3","3","8","33","N02.07","Record the numeral for a number","Écrire les symboles numéraux des nombres","1000 (must be written without a space or comma as 1000 not 1 000 or 1,000).","1000 (doit être écris sans espace ni virgule 1000 et non 1 000 ou 1,000)","1"
"3","11","Unit 3","3","9","34","N03.01","Place a set of numbers in ascending order","Place les nombres dans les cases de tri du plus grand au plus petit.","Numbers are placed in the correct boxes.","Les nombres sont placés correctement dans les boites de tri.","1"
"3","11","Unit 3","3","10","35","N03.02","Create 3-digit numerals and place them in  descending order","Crée autant de numéraux de trois chiffres que possible et les place par ordre décroissant.","974 947 794 749 497 479","974 947 794 749 497 479","1"
"3","11","Unit 3","3","11","36","N03.04","Missing numbers on a number line","nombre manquant sur une droite numérique","75","75","1"
"3","11","Unit 3","3","12","37","N03.07","Compare numbers and record using words","Compare des nombres et note la comparaison en utilisant des mots","greater than","plus grand que","1"
"3","11","Unit 3","3","13","38","N03.07","Compare numbers and record using symbols","Compare des nombres et note la comparaison en utilisant des symboles","<","<","1"
"3","11","Unit 3","3","14","39","N04.04","Select an estimate for a given quantity from three possible choices.","choisit une estimation pour une quantité donnée parmi trois choix possibles","380","380","1"
"3","11","Unit 3","3","15","40","N05.01","Record in more than one way, a number  represented by proportional materials","Écris, de différentes façons le nombre représenté par des objets concrets proportionnels","234 is represented correctly in all  three ways","234 est représenté correctement de toutes les trois façons","1"
"3","11","Unit 3","3","16","41","N05.03","Record a number in additive expanded form.","Écris un nombre donné sous une forme décomposée additive.","200 + 50 + 6","200 + 50 + 6","1"
"3","11","Unit 3","3","17","42","N05.04","Record a number represented by base-ten  blocks arranged in a non-conventional format","Représente un nombre donné en utilisant des blocs de base dix de manière non-conventionnelle.","613","613","1"
"3","11","Unit 3","3","18a","43","N01.01","Count backward by 1s.  Start at 203.","Compte à rebours par sauts de 1. Commence à 203.","203 202 201 200  199 198 197 (If a student says a three digit numeralusing the word ""and"" this is an error and scored as 0).","203 202 201 200  199 198 197 Si un élève dit un nombre à trois chiffres en utilisant le mot « et», il s'agit d'une erreur et la note accordée est ""◯"".","1"
"3","11","Unit 3","3","18b","44","N01.02","Count backwards by 2s.  Start at 200","Compte à rebours par sauts de 2. Commence à 200.","200 198 196 194 192 190 188  (If a student says a three digit numeral using the word ""and"" this is an error and scored as 0).","200 198 196 194 192 190 188 Si un élève dit un nombre à trois chiffres en utilisant le mot « et», il s'agit d'une erreur  et la note accordée est ""◯"".","1"
"3","11","Unit 3","3","18c","45","N01.02","Count backwards by 100s.  Start at 1000","Compte à rebours par sauts de 100. Commence à 1000.","1000 900 800 700 600 500 400 (If  a student says a three digit numeral using the word ""and"" this is an error and scored as 0).","1000 900 800 700 600 500 400 Si un élève dit un nombre à trois chiffres en utilisant le mot « et», il s'agit d'une erreur et la note accordée est ""◯"".","1"
"3","11","Unit 3","3","19a","46","N01.02","Count forwards by 5s.  Start at 185","Compte à rebours par sauts de 5. Commence à 185.","185 190 195 200 205 210 215 (If  a student says a three digit numeral using the word ""and"" this is an error and scored as 0).","185 190 195 200 205 210 215 Si un élève dit un nombre à trois chiffres en utilisant le mot « et», il s'agit d'une erreur et la note accordée est ""◯"".","1"
"3","11","Unit 3","3","19b","47","N01.02","Count forwards by 10s.  Start at 185","Compte par ordre croissant par sauts de 10. Commence à 185.","185 195 205 215 225 235 (If a  student says a three digit numeral using the word ""and"" this is an error and scored as 0).","185 195 205 215 225 235 Si un élève dit un nombre à trois chiffres en utilisant le mot « et», il s'agit d'une erreur et la note accordée est ""◯"".","1"
"3","11","Unit 3","3","19c","48","N01.05","Count forward by 25s.  Start at 25","Compte par ordre croissant par sauts de 25. Commence à 25.","25 50 75 100 125 150 (If a  student says a three digit numeral using the word ""and"" this is an error and scored as 0).","25 50 75 100 125 150 Si un élève dit un nombre à trois chiffres en utilisant le mot « et», il s'agit d'une erreur et la note accordée est ""◯"".","1"
"3","11","Unit 3","3","20","49","N02.01","Reads a 3 digit numeral","Lis un nombre à trois chiffres.","204   115   180 (If a student says a  three digit numeral using the word ""and"" this is an error and scored as 0).","204 115 180 Si un élève dit un nombre à trois chiffres en utilisant le mot « et», il s'agit d'une erreur et la note accordée est ""◯"".","1"
"3","11","Unit 3","3","21","50","N02.02","Read a given number word","Lis un nombre écris un mots.","one hundred seventeen     one hundred sixty-two    two hundred eight (If a student says a  three digit numeral using the word ""and"" this is an error and scored as 0).","cent dix-sept cent soixante-deux deux cent huit  Si un élève dit un nombre à trois chiffres en utilisant le mot « et», il s'agit d'une erreur et la note accordée est ""◯"".","1"
"3","11","Unit 3","3","22a","51","N10.01","Plus 2 fact: 2 + 5","Plus 2: 2 + 5","7","7","1"
"3","11","Unit 3","3","22b","52","N10.01","Combos of 10:  4 + 6","Combinaison de 10: 4 + 6","10","10","1"
"3","11","Unit 3","3","22c","53","N10.01","10 plus some more fact: 7 + 10","10+__ : 7+ 10","17","17","1"
"3","11","Unit 3","3","22d","54","N10.01","Doubles fact: 8 + 8","Double: 8 + 8","16","16","1"
"3","11","Unit 3","3","22e","55","N10.01","Near doubles fact: 7 + 6","Quasi Double: 7 + 6","13","13","1"
"3","11","Unit 3","3","22f","56","N10.01","Make a 10 or pretend a 10: 5 + 8","Obtenir-10 ou Pense-à-10:  5 + 8","13","13","1"
"3","11","Unit 3","3","22g","57","N10.03","Subtract 2 fact: 8 - 2","Soustrait 2:  8 - 2","6","6","1"
"3","11","Unit 3","3","22h","58","N10.03","Combos of 10: 10 - 3","Combinaison de 10: 10 - 3","7","7","1"
"3","11","Unit 3","3","22i","59","N10.03","Think addition doubles: 14 - 7","Pense addition: 14 - 7","7","7","1"
"3","11","Unit 3","3","22j","60","N10.03","Think addition near doubles: 11 - 6","Pense addition: 11 - 6","5","5","1"
"4","9","Unit 1","1","1a","1","N01.02","Record numerals for numbers expressed pictorially","Écrire un numéral donné, exprimé sous la forme imagée","3040  2816  2168  2681","3040  2816  2168  2681","1"
"4","9","Unit 1","1","1b","2","N02.01","Order a set of numbers in ascending order","Ordonne un ensemble de nombres par ordre croissant","2168  2681  2816  3040","2168  2681  2816  3040","1"
"4","9","Unit 1","1","2a","3","N01.02","Record numerals, using proper spacing without commas","Écris des symboles numériques avec un espacement approprié sans virgule.","4582","4582","1"
"4","9","Unit 1","1","2b","4","N01.02","Record numerals, using proper spacing without commas","Écris  des symboles numériques avec un espacement approprié sans virgule.","4600","4600","1"
"4","9","Unit 1","1","2c","5","N01.02","Record numerals, using proper spacing without commas","Écris des symboles numériques avec un espacement approprié sans virgule.","3321","3321","1"
"4","9","Unit 1","1","2d","6","N01.02","Record numerals, using proper spacing without commas","Écris des symboles numériques avec un espacement approprié sans virgule.","8082","8082","1"
"4","9","Unit 1","1","2e","7","N01.06","Record numerals for numbers expressed as expanded notation.","Écris un numéral dont la forme développée est donnée.","7901.  Score ""0"" if the student uses  a comma or separates any digits with improper spacing.","7901 La note accordée est ""◯"" si l'élève utilise pas l’espacement pertinent.","1"
"4","9","Unit 1","1","3","8","N01.03","Write a given numeral, 0 to 10 000 in words","Écris un numéral donné, de 0 à 10 000, à l’aide de mots.","two thousand three hundred six  five hundred forty     Writes the numeral without using ""and"", correct spelling is not required","deux mille trois cent six      cinq cent quarante    Écrit le numéral sans utiliser le mot «et», (l'orthographe exacte n'est pas requise)","1"
"4","9","Unit 1","1","4","9","N01.04","Represent a given numeral using a place-value chart","Représente un numéral donné à l’aide d’un tableau de valeur de position","","","1"
"4","9","Unit 1","1","5","10","N01.05","Express a given numeral in expanded form","Exprime un numéral donné sous forme développée","1000 + 800 + 20 + 3","1000 + 800 + 20 + 3","1"
"4","9","Unit 1","1","6","11","N01.10","Represent a given number using expressions","Représente un nombre donné à l’aide d’expressions.","3200 + 70 + 10","3200 + 70 + 10","1"
"4","9","Unit 1","1","7a","12","N02.02","Create and order three different four-digit numerals","Crée et ordonne trois numéraux  à quatre chiffres.","Creates three different four-digit numerals, using each digit only once such as 3056, 5360, 6035, etc.","Crée trois numéraux de quatre chiffres","1"
"4","9","Unit 1","1","7b","13","N02.05","Place numbers in relative order on an open number line.","Place des nombres en ordre relatif sur une droite numérique vierge.","Places all three numbers in the  correct relative order (if numbers are copied in error from a), correct based on the numbers the student provides).","Place les trois nombres dans le bon ordre relatif (si les nombres ont été copiés incorrectement à partir de la partie a), corriger en fonction des nombres fournis par l’élève).","1"
"4","9","Unit 1","1","8","14","N02.03","Identify the missing numbers in an ordered sequence.","Identifie les nombres manquants à l’intérieur d’une suite ordonnée et sur une droite numérique","3520","3520","1"
"4","9","Unit 1","1","9","15","N02.04","Identify incorrectly placed numbers  on a number line","Repère les nombres incorrectement placés à l’intérieur d’une suite sur une droite numérique.","7076","7076","1"
"4","9","Unit 1","1","10","16","N03.05","Estimate sums using different strategies","Estime des sommes et des différences à l’aide de différentes stratégies.","Disagrees, explains Sam rounded  both numbers down, so by ignoring the 350 ml and 15 ml, the container can't hold it all.","N’est pas d’accord et explique que Sam a arrondi les deux nombres à la baisse; en ignorant les 350 mL et les 15 mL, le contenant ne peut pas tout contenir.","1"
"4","9","Unit 1","1","11","17","N02.06","Place numbers on a number line containing  benchmark numbers.","Place des nombres sur une droite numérique comportant des référents afin de les comparer.","Numbers are placed in proper spots  on the number line","Les nombres sont placés correctement sur la droite numérique.","1"
"4","9","Unit 1","1","12","18","N01.01","Read a 4 digit number from a numeral without using the word ""and"".","Lire un numéral donné de quatre chiffres sans dire le mot «et»","seven thousand one hundred six  or seventy-one hundreds six ones or seven thousands one hundred six ones.  Score ""0"" if they use the word and","sept mille cent six ou soixante-onze centaines six unités ou sept milliers une centaine six unités.   Si un élève dit le mot « et», il s'agit d'une erreur et la note accordée est ""◯"".","1"
"4","9","Unit 1","1","13","19","N01.07","For the same numeral (7106), ask the student what the value of the digit 1 is.","Pour le même numéral (7106), demande à l'élève la valeur du chiffre 1","","Une centaine ou à la position des centaines, donc il a une valeur de cent","1"
"4","9","Unit 1","1","14","20","N01.02","Read a 4 digit number from a numeral without using the word ""and"".","lire le nombre écrit en mots six mille huit cent quinze","Reads six thousand eight  hundred fifteen without saying the word ""and""","Lit tous les mots correctement sans aide et sans dire le mot «et»","1"
"4","9","Unit 1","1","15","21","N03.07","Explain how what you know about addition facts that can help solve this using a mental math strategy","Explique des stratégies de calcul mental qui pourraient être utilisées pour déterminer une somme.","Student may write or state the final  answer (150) on a whiteboard and explains that because they know 7 tens and 8 tens is 15 tens which is the same as 15 tens or one hundred fifty.  It is not mathematically correct to say that 7 plus 8 is 15, then add a zero to get 150.","Écrit la réponse finale (150) sur un tableau blanc et explique qu’il sait que 7 dizaines et 8 dizaines font 15 dizaines, ce qui équivaut à 150. Il n’est pas mathématiquement correct de dire que 7 + 8 = 15, puis d’ajouter un zéro pour obtenir 150.","1"
"4","9","Unit 1","1","16","22","N03.07","Explain how to use the front end addition strategy to solve.","Utilise la stratégie de calcul mental d’addition à partir de la gauche pour résoudre l’addition.","Student may write or state the final  answer (330) on a whiteboard and explains they thought 100 and 100 is 200, 50 and 80 is 130, and 200 plus 130 is 330.","Écrit la réponse finale (330) sur un tableau blanc et expliquer qu’il a pensé que 100 et 100 font 200, que 50 et 80 font 130, puis que 200 plus 130 font 330.","1"
"4","9","Unit 1","1","17","23","N03.08","Explain how to use the compensation strategy to solve.","Détermine efficacement une somme en utilisant des stratégies de compensation.","Student may write or state the  final answer (102).","Dit ou écrit la réponse finale (102)","1"
"4","11","Unit 3","3","1","24","N03.05","Estimate sums and differences using different strategies.","Estimer des sommes et des différences à l’aide de différentes stratégies.","220","220","1"
"4","11","Unit 3","3","2","25","N04.01","Determine the answer to a given question involving the multiplication of a number by 1, and explain the answer using the property of 1 in multiplication.","Déterminer la réponse à une question donnée de multiplication de nombres par un, et expliquer la réponse à l’aide de la propriété de la multiplication par un.","8 Refer to answer key on the unit assessment tool","8  Voir le corrigé de l’évaluation de l’unité.","1"
"4","11","Unit 3","3","3","26","N04.02","Determine the answer to a given question involving the multiplication of a number by 0, and explain the answer using the property of 0 in multiplication.","Déterminer la réponse à une question donnée de multiplication d’un nombre par zéro, et expliquer la réponse à l’aide de la propriété de la multiplication par zéro.","0 Refer to answer key on the unit assessment tool","0  Voir le corrigé de l’évaluation de l’unité.","1"
"4","11","Unit 3","3","4","27","N04.03","Determine the answer to a given question involving the division of a number by 1, and explain the answer using the property of 1 in division.","Déterminer la réponse à une question donnée de division d’un nombre par un, et expliquer la réponse à l’aide de la propriété de la multiplication par un.","6 Refer to answer key on the unit assessment tool","6 Voir le corrigé de l’évaluation de l’unité.","1"
"4","11","Unit 3","3","5","28","N05.01","Describe the mental mathematics strategy used to determine basic multiplication or division facts.","Décrire la stratégie de calcul mental utilisée pour déterminer les faits de base de la multiplication ou de la division.","Refer to answer key on the unit assessment tool","Voir le corrigé de l’évaluation de l’unité.","1"
"4","11","Unit 3","3","6","29","N05.01","Describe the mental mathematics strategy used to determine basic multiplication or division facts.","Décrire la stratégie de calcul mental utilisée pour déterminer les faits de base de la multiplication ou de la division.","40 Refer to answer key on the unit assessment tool","40  Voir le corrigé de l’évaluation de l’unité.","1"
"4","11","Unit 3","3","7","30","N05.02","Use and describe a personal strategy for determining the multiplication facts.","Utiliser et décrire une stratégie personnelle pour déterminer les faits de multiplication.","72 Refer to answer key on the unit assessment tool","72  Voir le corrigé de l’évaluation de l’unité.","1"
"4","11","Unit 3","3","8","31","N05.03","Use and describe a personal strategy for determining the division facts.","Utiliser et décrire une stratégie personnelle pour déterminer les faits de division.","Refer to answer key on the unit assessment tool","Voir le corrigé de l’évaluation de l’unité.","1"
"4","11","Unit 3","3","9","32","N03.07","Explain mental mathematics strategies that could be used to determine a sum or difference.","Expliquer des stratégies de calcul mental qui pourraient être utilisées pour déterminer une somme ou une différence.","89 Refer to answer key on the unit assessment tool","89 Voir le corrigé de l’évaluation de l’unité.","1"
"4","11","Unit 3","3","10","33","N03.07","Explain mental mathematics strategies that could be used to determine a sum or difference.","Expliquer des stratégies de calcul mental qui pourraient être utilisées pour déterminer une somme ou une différence.","147 Refer to answer key on the unit assessment tool","147 Voir le corrigé de l’évaluation de l’unité.","1"
"4","11","Unit 3","3","11","34","N03.08","Determine a sum or difference of one-, two-, and three-digit numerals efficiently, using mental mathematics strategies.","Déterminer efficacement la somme ou la différence de numéraux de un, deux et trois chiffres, en utilisant des stratégies de calcul mental.","121 Refer to answer key on the unit assessment tool","121 Voir le corrigé de l’évaluation de l’unité.","1"
"5","9","Unit 1","1","1a","1","N01.02","Record numerals for numbers expressed  pictorially or symbolically, using proper spacing without commas.","Écrireles numéraux représentés de façon imagée ou symbolique, en utilisant un espacement approprié et sans utiliser de virgules.","5382","5382","1"
"5","9","Unit 1","1","1b","2","N01.02","Record numerals for numbers expressed  pictorially or symbolically, using proper spacing without commas.","Écrire les numéraux représentés de façon imagée ou symbolique, en utilisant un espacement approprié et sans utiliser de virgules.","46 000","46 000","1"
"5","9","Unit 1","1","1c","3","N01.02","Record numerals for numbers expressed  pictorially or symbolically, using proper spacing without commas.","Écrire les numéraux représentés de façon imagée ou symbolique, en utilisant un espacement approprié et sans utiliser de virgules.","12 291","12 291","1"
"5","9","Unit 1","1","1d","4","N01.02","Record numerals for numbers expressed  pictorially or symbolically, using proper spacing without commas.","Écrire les numéraux représentés de façon imagée ou symbolique, en utilisant un espacement approprié et sans utiliser de virgules.","86 082","86 082","1"
"5","9","Unit 1","1","1e","5","N01.02","Record numerals for numbers expressed  pictorially or symbolically, using proper spacing without commas.","Écrire les numéraux représentés de façon imagée ou symbolique, en utilisant un espacement approprié et sans utiliser de virgules.","79 001","79 001","1"
"5","9","Unit 1","1","2","6","N01.02","Record numerals for numbers expressed  pictorially or symbolically, using proper spacing without commas.","Écrire les numéraux représentés de façon imagée ou symbolique, en utilisant un espacement approprié et sans utiliser de virgules.","30 140, 31 400, 30 411","30 140, 31 400, 30 411","1"
"5","9","Unit 1","1","3","7","N01.03","Describe the pattern of adjacent place  positions moving from right to left.","Décrire la régularité des positions adjacentes en déplaçant de droite à gauche","98 653, 99 653, 100 653, 101 653","98 653, 99 653, 100 653, 101 653","1"
"5","9","Unit 1","1","4","8","N01.04","Explain the meaning of each digit in a given  numeral.","Expliquer la signification de chaque chiffre dans un nombre donné","80, 800 000","80, 800 000","1"
"5","9","Unit 1","1","5","9","N01.06","Express a given numeral in expanded notation.","Exprimer un nombre donné sous forme développée","200 000 + 60 000 + 300 + 20 + 5 or (2x100 000)+ (6x10 000) + (3x100) + (2x10) + (5x1)  or 2x 100 000 +6 x 10 000 + 3 x 100 + 2 x 10 + 5 x 1","200 000 + 60 000 + 300 + 20 + 5 ou (2x100 000)+ (6x10 000) + (3x100) + (2x10) + (5x1)  ou 2x 100 000 +6 x 10 000 + 3 x 100 + 2 x 10 + 5 x 1","1"
"5","9","Unit 1","1","6","10","N01.07","Write the numeral represented by a given  expanded notation.","Écris sous forme symbolique le nombre représenté par une forme développée donnée","56 073","56 073","1"
"5","9","Unit 1","1","7","11","N01.08","Compare numbers on a number line","Comparer des nombres jusqu’à 1 000 000 de diverses façons (droites numériques)","140 570","140 570","1"
"5","9","Unit 1","1","8","12","N01.08","Compare numbers using < >","Comparer des nombres en utilisant <,>","30 123 > 6012 7871 < 78 711 233 187 >232 987","30 123 > 6012 7871 < 78 711 233 187 >232 987","1"
"5","9","Unit 1","1","9","13","N01.08","Compare numbers using number chart","Comparer des nombres à l'aide de tableaux de nombres","St. John's","St. John's","1"
"5","9","Unit 1","1","10","14","N01.08","Order numbers using a number chart","Ordonner des nombres dans un tableau de nombres","Refer to answer key on the unit assessment  tool","Voir le corrigé de l’évaluation de l’unité.","1"
"5","9","Unit 1","1","11","15","N01.09","Represent a given numeral using a place value  chart","Représenter un numéral donné en utilisant un tableau de valeur de position","Refer to answer key on the unit assessment  tool","Voir le corrigé de l’évaluation de l’unité.","1"
"5","9","Unit 1","1","12","16","N01.10","Represent a given number, 0 to 1 000 000, in a  variety of ways, and explain how they are equivalent.","Représenter un nombre donné, de 0 à  1 000 000, de diverses façons, et explique comment ces représentations sont équivalentes","Refer to answer key on the unit assessment  tool","Voir le corrigé de l’évaluation de l’unité.","1"
"5","9","Unit 1","1","13","17","N01.11","Partition numbers and represent the partitions  using expressions","Décomposer des nombres et représente les décompositions à l’aide d’expressions","330 000 + 10 000 + 2000 + 400 + 400 + 7","330 000 + 10 000 + 2000 + 400 + 400 + 7","1"
"5","9","Unit 1","1","14","18","N01.12","Read and write given numerals, 0 to 1 000 000,  in words.","Écrire en mots des nombres de 0 à 1 000 000","one hundred twenty-eight thousand four hundred fifty-six four hundred nine thousand three hundred ninety-two","cent vingt-huit mille quatre cent cinquante-six  quatre cent neuf mille trois cent quatre-vingt-douze","1"
"5","9","Unit 1","1","15a","19","N02.04","Estimate a sum, using an appropriate strategy.","Estimer une somme à l’aide d’une stratégie appropriée","Refer to answer key on the unit assessment  tool","Voir le corrigé de l’évaluation de l’unité.","1"
"5","9","Unit 1","1","15b","20","N02.05","Select and explain an estimation strategy for a given  problem.","Choisir et explique une stratégie d’estimation pour un problème donné","Refer to answer key on the unit assessment  tool","Voir le corrigé de l’évaluation de l’unité.","1"
"5","9","Unit 1","1","16","21","N01.01","Read a given numeral without using the word “and.”","Lire un numéral sans utiliser le mot <<et>>","Refer to answer key on the unit assessment  tool","Voir le corrigé de l’évaluation de l’unité.","1"
"5","9","Unit 1","1","17","22","N01.02","Record numerals for numbers expressed orally using  proper spacing without commas.","Écrire les numéraux lus par l'enseignant en utilisant l'espacement approprié","Refer to answer key on the unit assessment  tool","Voir le corrigé de l’évaluation de l’unité.","1"
"5","9","Unit 1","1","18","23","N01.12","Read and write given numerals, 0 to 1 000 000, in words.","Lire un numéral de 0 à 1 000 000 écris en mots","Refer to answer key on the unit assessment  tool","Voir le corrigé de l’évaluation de l’unité.","1"
"5","11","Unit 3","3","1","24","N02.05","Select and explain an estimation strategy","","Refer to answer key on the unit assessment  tool","Voir le corrigé de l’évaluation de l’unité.","1"
"5","11","Unit 3","3","2","25","N03.02","Explain zero property of multiplication","Explique la propriété du 0 en multiplication","5 x 0 = 0","5 x 0 = 0","1"
"5","11","Unit 3","3","3","26","N04.01","Multiply by a multiple of 10","Multiplie par un multiple de 10","140","140","1"
"5","11","Unit 3","3","4","27","N04.01","Multiply by a multiple of 10","Multiplie par un multiple de 10","900","900","1"
"5","11","Unit 3","3","5","28","N04.01","Multiply by a multiple of 100","Multiplie par un multiple de 100","2100","2100","1"
"5","11","Unit 3","3","6","29","N04.01","Multiply by a multiple of 1000","Multiplie par un multiple de 1000","4800","4800","1"
"5","11","Unit 3","3","7","30","N04.02","Applying halving and doubling","Applique la stratégie de double et de moitié","Refer to answer key on the unit assessment  tool","Voir le corrigé de l’évaluation de l’unité.","1"
"5","11","Unit 3","3","8","31","N04.03","Applies distributive property","Applique la propriété de la distributivité","(100 x 4) - (3 x 4)","(100 x 4) - (3 x 4)","1"
"5","11","Unit 3","3","9","32","N04.03","Applies distributive property","Applique la propriété de la distributivité","23 x 6","23 x 6","1"
"5","11","Unit 3","3","10","33","N03.03","Explains why dividing by zero is not possible","Explique pourquoi la division par 0 est impossible","Refer to answer key on the unit assessment  tool","Voir le corrigé de l’évaluation de l’unité.","1"
"5","11","Unit 3","3","11","34","N04.02","Use the halving and doubling strategy","Utilise la stratégie de double et de moitié","Refer to answer key on the unit assessment  tool","Voir le corrigé de l’évaluation de l’unité.","1"
"5","11","Unit 3","3","12","35","N03.04","Write a related multiplication fact","Écris un fait de multiplication connexe","Refer to answer key on the unit assessment  tool","Voir le corrigé de l’évaluation de l’unité.","1"
"5","11","Unit 3","3","13","36","N03.04","Write a related division fact","Écris un fait de division connexe","Refer to answer key on the unit assessment  tool","Voir le corrigé de l’évaluation de l’unité.","1"
"5","11","Unit 3","3","14a","37","N03.04","10s Fact: 10 x 6","Multiplie par 10: 10x6","60","60","1"
"5","11","Unit 3","3","14b","38","N03.04","5s Fact: 7 x 5","Multiplie par 5: 7x5","35","35","1"
"5","11","Unit 3","3","14c","39","N03.04","2s Fact: 2 x 8","Multiplie par 2: 2x8","16","16","1"
"5","11","Unit 3","3","14d","40","N03.04","1s Fact: 1 x 4","Multiplie par 1: 1x4","4","4","1"
"5","11","Unit 3","3","14e","41","N03.04","0s Fact: 6 x 0","Mutiplie par 0: 6x0","0","0","1"
"5","11","Unit 3","3","14f","42","N03.04","Square Facts: 7 x 7","Multiplie les carrés: 7x7","49","49","1"
"5","11","Unit 3","3","14g","43","N03.04","Double Double: 6 x 4","Multiplie les double double: 6x4","24","24","1"
"5","11","Unit 3","3","14h","44","N03.04","Break Apart Build Up/Down or Near Squares: 9 x 8","Multiplie en décomposant/augmentant ou diminuant/les nombres presque carrés: 9x8","72","72","1"
"5","11","Unit 3","3","14i","45","N03.04","Build Up: 3 x 6","Multiplie en augmentant: 3x6","18","18","1"
